Date,Open,dOpen,logTransform
2012-01-03,76.934,0.998494484101233,-0.001506650326570097
2012-01-04,76.732,0.9973743728390568,-0.002629080165463285
2012-01-05,76.711,0.9997263201793254,-0.0002737172778310672
2012-01-06,77.15899999999999,1.0058401011588949,0.005823113874340642
2012-01-09,76.933,0.9970709832942368,-0.0029333146697851408
2012-01-10,76.87,0.9991811056373727,-0.0008192298397752478
2012-01-11,76.84899999999999,0.9997268114999348,-0.0002732258228410654
2012-01-12,76.87100000000001,1.0002862756834834,0.0002862347144186847
2012-01-13,76.78,0.9988161985664293,-0.0011845026799666815
2012-01-16,76.92,1.0018233915082053,0.0018217311479273902
2012-01-17,76.81,0.9985699427977119,-0.001431080709988381
2012-01-18,76.81,1.0,0.0
2012-01-19,76.78,0.9996094258560083,-0.0003906504379389372
2012-01-20,77.07600000000001,1.0038551706173484,0.0038477584910042426
2012-01-23,76.97,0.9986247340287507,-0.0013762125174298
2012-01-24,76.98899999999999,1.0002468494218526,0.0002468189595470326
2012-01-25,77.67,1.0088454194755097,0.008806527925782971
2012-01-26,77.782,1.0014419981975022,0.0014409595164989637
2012-01-27,77.46300000000001,0.9958987940654652,-0.004109638944497926
2012-01-30,76.73,0.9905374178640124,-0.009507636813983047
2012-01-31,76.38,0.9954385507624135,-0.004571884392203875
2012-02-01,76.38,1.0,0.0
2012-02-02,76.2,0.9976433621366851,-0.0023594191047694173
2012-02-03,76.18,0.999737532808399,-0.00026250164214250237
2012-02-06,76.55,1.004856917826201,0.004845161053234688
2012-02-07,76.55,1.0,0.0
2012-02-08,76.767,1.0028347485303724,0.002830738207806824
2012-02-09,77.057,1.0037776648820458,0.003770547425344565
2012-02-10,77.652,1.007721556769664,0.007691898126285344
2012-02-13,77.693,1.00052799670324,0.0005278573620264352
2012-02-14,77.502,0.9975416060648964,-0.002461420747222343
2012-02-15,78.392,1.0114835746174293,0.011418138855583975
2012-02-16,78.49,1.001250127564037,0.001249346805204917
2012-02-17,78.835,1.004395464390368,0.004385832550722641
2012-02-20,79.79,1.0121139087968543,0.012041122630744562
2012-02-21,79.6,0.9976187492166937,-0.0023840904698523785
2012-02-22,79.84,1.0030150753768845,0.0030105391528712842
2012-02-23,80.258,1.0052354709418836,0.005221813511871111
2012-02-24,79.943,0.9960751576166862,-0.003932564789956031
2012-02-27,81.47,1.0191011095405476,0.018920973597426536
2012-02-28,80.47,0.9877255431447158,-0.012350410164508949
2012-02-29,80.48,1.0001242699142538,0.0001242621933876961
2012-03-01,81.28,1.0099403578528827,0.0098912774787427
2012-03-02,81.08,0.9975393700787402,-0.0024636622463724703
2012-03-05,81.586,1.006240749876665,0.0062213570392304456
2012-03-06,81.531,0.9993258647316943,-0.000674362599659515
2012-03-07,80.62,0.9888263359948977,-0.011236558334350381
2012-03-08,81.32,1.0086827090052095,0.008645231071126044
2012-03-09,81.583,1.0032341367437285,0.003228918172178708
2012-03-12,82.36,1.0095240429991543,0.009478975227264238
2012-03-13,82.374,1.0001699854298203,0.00016997098393413542
2012-03-14,82.963,1.0071503144195983,0.00712487212970531
2012-03-15,83.81200000000001,1.0102334775743407,0.010181470053633642
2012-03-16,83.495,0.9962177253853862,-0.0037894455024659744
2012-03-19,83.44,0.9993412779208335,-0.000658939131878808
2012-03-20,83.37799999999999,0.9992569511025885,-0.0007433250950708608
2012-03-21,83.67,1.0035021228621461,0.00349600471006118
2012-03-22,83.19200000000001,0.9942870801960082,-0.00572930094957556
2012-03-23,82.522,0.9919463409943263,-0.008086264899865562
2012-03-26,82.581,1.0007149608589225,0.0007147053961642987
2012-03-27,83.015,1.0052554461680048,0.005241684505519324
2012-03-28,83.05799999999999,1.000517978678552,0.0005178445739032614
2012-03-29,82.82700000000001,0.9972188109513836,-0.002785063740713425
2012-03-30,82.292,0.9935407536189889,-0.006480197580955111
2012-04-02,82.865,1.006963009770087,0.006938879963523059
2012-04-03,81.666,0.9855306824352863,-0.01457501899751575
2012-04-04,82.84200000000001,1.0144001175519801,0.014297420584078869
2012-04-05,82.416,0.9948576808865066,-0.005155586338841132
2012-04-06,82.2,0.9973791496796739,-0.0026242907610951327
2012-04-09,81.282,0.9888321167883211,-0.011230712235479997
2012-04-10,81.63600000000001,1.004355207795084,0.00434575132426982
2012-04-11,80.67,0.9881669851536086,-0.011903582202041177
2012-04-12,80.998,1.0040659476881122,0.004057704060694614
2012-04-13,80.92,0.9990370132595866,-0.0009634507100328122
2012-04-16,80.91,0.999876421156698,-0.00012358647979645421
2012-04-17,80.39,0.9935731059201582,-0.006447635479878787
2012-04-18,81.06,1.0083343699465108,0.00829983086029309
2012-04-19,81.31,1.0030841352084876,0.0030793890195837397
2012-04-20,81.626,1.003886360841225,0.003878828450349451
2012-04-23,81.6,0.9996814740401342,-0.0003185767000343594
2012-04-24,81.08,0.9936274509803922,-0.006392940386262016
2012-04-25,81.38600000000001,1.0037740503206711,0.0037669464606996336
2012-04-26,81.321,0.9992013368392597,-0.0007989822620767498
2012-04-27,81.067,0.9968765755462918,-0.0031283125248682047
2012-04-30,80.35,0.9911554639989145,-0.008883881074032278
2012-05-01,79.93,0.9947728686994401,-0.0052408405455937205
2012-05-02,80.22,1.003628174652821,0.0036216087039789794
2012-05-03,80.12,0.9987534280727999,-0.0012473495442892311
2012-05-04,80.212,1.0011482775836245,0.0011476188171695388
2012-05-07,79.819,0.9951004837181469,-0.004911558261101735
2012-05-08,79.91199999999999,1.0011651361204725,0.001164457876163092
2012-05-09,79.87100000000001,0.9994869356291923,-0.0005131960333681378
2012-05-10,79.699,0.997846527525635,-0.002155794530468829
2012-05-11,79.893,1.002434158521437,0.0024312007563901433
2012-05-14,80.02,1.001589626124942,0.0015883640066871433
2012-05-15,79.866,0.9980754811297177,-0.0019263731361517417
2012-05-16,80.31,1.0055593118473443,0.005543915907433661
2012-05-17,80.368,1.0007222014693062,0.0007219408073178682
2012-05-18,79.404,0.9880051761895282,-0.01206734218976612
2012-05-21,79.161,0.9969397007707421,-0.0030649915205999624
2012-05-22,79.41,1.0031454883086368,0.003140551609796894
2012-05-23,80.002,1.0074549804810478,0.007427329454267258
2012-05-24,79.457,0.9931876703082423,-0.006835639532871186
2012-05-25,79.66199999999999,1.002580011830298,0.0025766893133043053
2012-05-28,79.592,0.9991212874394317,-0.0008790988547612638
2012-05-29,79.58,0.9998492310785003,-0.00015078028827604154
2012-05-30,79.517,0.9992083438049761,-0.0007919697202698094
2012-05-31,78.96600000000001,0.9930706641347135,-0.006953455198271013
2012-06-01,78.53699999999999,0.9945672821214191,-0.005447528756926621
2012-06-04,78.063,0.9939646281370565,-0.00605365833393212
2012-06-05,78.348,1.0036508973521385,0.00364424900311361
2012-06-06,78.73,1.0048756828508705,0.004863835203879095
2012-06-07,79.271,1.00687158643465,0.006848084686024011
2012-06-08,79.699,1.0053992002119312,0.005384676783611613
2012-06-11,79.56,0.9982559379665994,-0.0017455846802400222
2012-06-12,79.312,0.996882855706385,-0.0031220127075534737
2012-06-13,79.531,1.0027612467218077,0.002757441483270479
2012-06-14,79.377,0.9980636481372043,-0.0019382290156744065
2012-06-15,79.41,1.000415737556219,0.000415651161305461
2012-06-18,79.066,0.9956680518826345,-0.0043413581904098615
2012-06-19,79.01899999999999,0.9994055599119721,-0.000594616837585172
2012-06-20,79.06,1.0005188625520445,0.000518727989414845
2012-06-21,79.42399999999999,1.004604098153301,0.004593531713602368
2012-06-22,80.06,1.0080076551168413,0.007975763982285604
2012-06-25,80.567,1.006332750437172,0.006312782828705158
2012-06-26,79.64,0.9884940484317402,-0.011572657197137215
2012-06-27,79.452,0.9976393771973883,-0.002363413465286173
2012-06-28,79.68,1.002869657151488,0.0028655475456336563
2012-06-29,79.305,0.9952936746987951,-0.004717434920819596
2012-07-02,79.84899999999999,1.0068595927116826,0.006836172745550727
2012-07-03,79.443,0.9949154028228282,-0.0050975677267588206
2012-07-04,79.85,1.0051231700716237,0.005110091286706228
2012-07-05,79.934,1.0010519724483407,0.0010514195130724236
2012-07-06,79.857,0.9990367052818575,-0.0009637589846737718
2012-07-09,79.492,0.995429329927245,-0.004581147523382016
2012-07-10,79.567,1.0009434911689226,0.0009430463608892913
2012-07-11,79.34,0.9971470584538817,-0.0028570189407432617
2012-07-12,79.593,1.0031888076632216,0.0031837341987388233
2012-07-13,79.307,0.9964067191838478,-0.0035997521565438026
2012-07-16,79.18,0.9983986281160554,-0.0016026554503944502
2012-07-17,78.83,0.995579691841374,-0.004430106606167819
2012-07-18,79.085,1.0032348090828365,0.0032295883436352277
2012-07-19,78.794,0.9963204147436303,-0.003686371582557613
2012-07-20,78.72800000000001,0.9991623727695004,-0.0008379782362099127
2012-07-23,78.47,0.9967228940148357,-0.003282487457302718
2012-07-24,78.26899999999999,0.9974385115330698,-0.002564774691463607
2012-07-25,78.122,0.9981218617843591,-0.0018799041286516078
2012-07-26,78.113,0.9998847955761501,-0.000115211060389283
2012-07-27,78.308,1.002496383444497,0.0024932726554187726
2012-07-30,78.49,1.0023241558972262,0.002321459224425999
2012-07-31,78.12100000000001,0.9952987641737803,-0.004712321392921325
2012-08-01,78.117,0.9999487973784257,-5.120393247329586e-05
2012-08-02,78.369,1.0032259303352662,0.0032207381853481473
2012-08-03,78.22,0.9980987380214115,-0.0019030716713079128
2012-08-06,78.6,1.0048580925594477,0.004846330107792779
2012-08-07,78.2,0.994910941475827,-0.0051020518838953985
2012-08-08,78.61,1.005242966751918,0.005229270254399607
2012-08-09,78.407,0.9974176313446126,-0.0025857087207494405
2012-08-10,78.58,1.0022064356498783,0.002204005045398095
2012-08-13,78.25,0.9958004581318401,-0.004208384710051121
2012-08-14,78.32,1.0008945686900959,0.000894168801992352
2012-08-15,78.83,1.006511746680286,0.006490636849561897
2012-08-16,78.994,1.0020804262336673,0.0020782651438167447
2012-08-17,79.26,1.0033673443552675,0.0033616875466553303
2012-08-20,79.52,1.0032803431743627,0.0032749745860294432
2012-08-21,79.34,0.9977364185110665,-0.002266147262134378
2012-08-22,79.253,0.9989034534913032,-0.0010971481556825212
2012-08-23,78.52,0.9907511387581542,-0.009291897522241362
2012-08-24,78.59,1.000891492613347,0.0008910954698233036
2012-08-27,78.694,1.0013233235780634,0.0013224487571130324
2012-08-28,78.75,1.0007116171499733,0.0007113640705458424
2012-08-29,78.557,0.9975492063492064,-0.002453801761396975
2012-08-30,78.73,1.0022022225899665,0.002199801252030395
2012-08-31,78.529,0.997446970659215,-0.00255629387768189
2012-09-03,78.3,0.9970838798405685,-0.0029203803219366112
2012-09-04,78.328,1.0003575989782887,0.00035753505501286164
2012-09-05,78.468,1.0017873557348584,0.001785760315368874
2012-09-06,78.41,0.9992608451852983,-0.0007394281243087477
2012-09-07,78.89,1.0061216681545722,0.006103006864167697
2012-09-10,78.243,0.9917987070604639,-0.008235108557249599
2012-09-11,78.23,0.9998338509515229,-0.0001661628527593372
2012-09-12,77.763,0.9940304231113384,-0.0059874660420906126
2012-09-13,77.808,1.0005786813780333,0.0005785140065313901
2012-09-14,77.64,0.9978408389882788,-0.0021614953606205133
2012-09-17,78.328,1.0088614116434829,0.00882237975096084
2012-09-18,78.664,1.0042896537636605,0.004280479426084902
2012-09-19,78.766,1.0012966541238686,0.001295814193897491
2012-09-20,78.39,0.9952263667064469,-0.004785063471121814
2012-09-21,78.203,0.9976144916443425,-0.002388358213857484
2012-09-24,78.113,0.9988491490096287,-0.0011515137278958378
2012-09-25,77.86,0.9967611025053448,-0.0032441540765678466
2012-09-26,77.727,0.9982918058052916,-0.0017096548220054814
2012-09-27,77.685,0.9994596472268323,-0.0005404988163396561
2012-09-28,77.61,0.9990345626568835,-0.0009659036779170823
2012-10-01,77.96,1.0045097281278186,0.004499589773312607
2012-10-02,78.048,1.0011287839917908,0.0011281473941498921
2012-10-03,78.20100000000001,1.001960332103321,0.0019584131597785363
2012-10-04,78.44,1.0030562269024692,0.0030515661348571375
2012-10-05,78.514,1.0009433962264151,0.0009429515078703628
2012-10-08,78.691,1.0022543750159207,0.002251837725185566
2012-10-09,78.289,0.9948914107077048,-0.005121682746328964
2012-10-10,78.21300000000001,0.99902923782396,-0.0009712336708054099
2012-10-11,78.07,0.9981716594428034,-0.0018300140118676
2012-10-12,78.41,1.0043550659664404,0.00434561011063105
2012-10-15,78.476,1.0008417293712537,0.0008413753157518388
2012-10-16,78.774,1.0037973393139303,0.0037901476214458932
2012-10-17,78.859,1.0010790362302282,0.001078454489077375
2012-10-18,79.05,1.0024220444083745,0.002419115986375316
2012-10-19,79.316,1.0033649588867806,0.003359310081077971
2012-10-22,79.25,0.999167885420344,-0.0008324609791689328
2012-10-23,79.977,1.0091735015772871,0.009131680580443753
2012-10-24,79.832,0.9981869787563923,-0.0018146667558224536
2012-10-25,79.82,0.999849684337108,-0.0001503269614235314
2012-10-26,80.209,1.0048734652969182,0.0048616284071211135
2012-10-29,79.611,0.9925444775523944,-0.0074834537700879744
2012-10-30,79.764,1.0019218449711722,0.0019200005898242052
2012-10-31,79.67,0.9988215234943083,-0.0011791714551703369
2012-11-01,79.86,1.0023848374544997,0.002381998242800466
2012-11-02,80.21600000000001,1.0044578011520162,0.0044478945865491434
2012-11-05,80.49600000000001,1.003490575446295,0.0034844975273385557
2012-11-06,80.15,0.9957016497714172,-0.004307614693400807
2012-11-07,80.281,1.001634435433562,0.0016331011975859635
2012-11-08,79.97,0.9961261070489903,-0.0038814159093495705
2012-11-09,79.46300000000001,0.9936601225459548,-0.00636005982483667
2012-11-12,79.464,1.0000125844732768,1.2584394092969296e-05
2012-11-13,79.604,1.0017618040873855,0.0017602539310117974
2012-11-14,79.45100000000001,0.9980779860308528,-0.0019238634081409538
2012-11-15,80.19,1.0093013303797307,0.009258339383011538
2012-11-16,81.111,1.0114852225963338,0.011419768123328213
2012-11-19,81.555,1.0054739801013426,0.005459052323728195
2012-11-20,81.359,0.9975967138740726,-0.0024061786533389785
2012-11-21,81.735,1.004621492397891,0.004610846090516569
2012-11-22,82.575,1.0102771150669847,0.010224664573681925
2012-11-23,82.369,0.997505298213745,-0.00249781873974826
2012-11-26,82.56,1.002318833541745,0.002316149196147366
2012-11-27,81.888,0.9918604651162791,-0.008172841755874247
2012-11-28,82.09299999999999,1.0025034193044156,0.002500290970242386
2012-11-29,82.163,1.000852691459686,0.0008523281248503219
2012-11-30,82.14200000000001,0.9997444105010773,-0.0002556221674852742
2012-12-03,82.454,1.003798300504005,0.0037911051749049468
2012-12-04,82.15,0.9963130957867419,-0.0036937175966136756
2012-12-05,81.817,0.9959464394400486,-0.004061798506103439
2012-12-06,82.43,1.0074923304447732,0.007464402347962442
2012-12-07,82.45,1.0002426301103966,0.00024260068047166105
2012-12-10,82.57,1.0014554275318373,0.00145436942372906
2012-12-11,82.37,0.9975778127649269,-0.002425125476179699
2012-12-12,82.527,1.0019060337501517,0.0019042195727132206
2012-12-13,83.21700000000001,1.0083609000690685,0.00832614135246679
2012-12-14,83.67299999999999,1.0054796495908285,0.005464690931602774
2012-12-17,84.12299999999999,1.005378078950199,0.005363668726725434
2012-12-18,83.926,0.9976581909822523,-0.0023445553408995077
2012-12-19,84.352,1.0050759001977934,0.005063061244221252
2012-12-20,84.204,0.9982454476479513,-0.001756093381835488
2012-12-21,84.42,1.0025651988029074,0.002561914296200886
2012-12-24,84.40899999999999,0.9998696991234304,-0.0001303093664663417
2012-12-25,84.78,1.004395265907664,0.004385634936604798
2012-12-26,85.02,1.002830856334041,0.002826857006152848
2012-12-27,85.677,1.0077275935074101,0.00769788859024254
2012-12-28,86.499,1.0095941734654574,0.009548441656480161
2012-12-31,85.961,0.993780274916473,-0.006239148152901245
2013-01-01,86.64200000000001,1.0079221972755088,0.00789098142769196
2013-01-02,86.61,0.9996306641120933,-0.0003694041092039439
2013-01-03,87.251,1.0074009929569334,0.007373739991954335
2013-01-04,87.704,1.0051919175711452,0.005178486037331098
2013-01-07,88.208,1.005746602207425,0.005730153475088965
2013-01-08,87.27799999999999,0.9894567386178124,-0.010599235342163109
2013-01-09,86.90700000000001,0.9957492151515848,-0.004259845118951903
2013-01-10,88.116,1.013911422555145,0.013815546871261018
2013-01-11,89.29,1.0133233464977984,0.013235371271651386
2013-01-14,89.492,1.0022622914100123,0.0022597362817046752
2013-01-15,89.45,0.9995306843069771,-0.00046942585610160187
2013-01-16,88.74600000000001,0.9921296813862494,-0.007901453037440163
2013-01-17,88.667,0.9991098190340972,-0.0008905774122689266
2013-01-18,89.81,1.01289092898147,0.012808548177839307
2013-01-21,90.17399999999999,1.004053000779423,0.004044809497153746
2013-01-22,89.626,0.9939228602479652,-0.006095680721357538
2013-01-23,88.52799999999999,0.9877490906656549,-0.012326570302900883
2013-01-24,88.57,1.0004744261702512,0.00047431366573764857
2013-01-25,90.54,1.0222422942305522,0.02199854218632103
2013-01-28,91.181,1.0070797437596641,0.0070548000347363
2013-01-29,90.43,0.9917636349678114,-0.008270471290160038
2013-01-30,90.77,1.0037598142209443,0.0037527637861470148
2013-01-31,91.0,1.0025338768315524,0.002530671978314263
2013-02-01,91.7,1.0076923076923077,0.007662872745569097
2013-02-04,92.772,1.011690294438386,0.011622490863918901
2013-02-05,92.15,0.9932953908506877,-0.006727186010505688
2013-02-06,93.57,1.0154096581660335,0.015292135171989114
2013-02-07,93.43,0.9985037939510528,-0.0014973264829571862
2013-02-08,93.60799999999999,1.001905169645724,0.0019033571117924265
2013-02-11,92.54,0.988590718741988,-0.011474866437803127
2013-02-12,94.18,1.017722066133564,0.017566861336555096
2013-02-13,93.3,0.9906561902739434,-0.009387736962110534
2013-02-14,93.22200000000001,0.9991639871382638,-0.0008363625153788846
2013-02-15,92.95,0.9970822338074703,-0.0029220311704661215
2013-02-18,93.75,1.008606777837547,0.008569950683067037
2013-02-19,93.61,0.9985066666666667,-0.0014944494668668983
2013-02-20,93.708,1.0010468966990707,0.0010463490848850556
2013-02-21,93.65,0.9993810560464422,-0.0006191355784407155
2013-02-22,93.15,0.99466097170315,-0.0053533318425000405
2013-02-25,94.23100000000001,1.011604938271605,0.011538117446286338
2013-02-26,92.36,0.9801445384215385,-0.020055230007589187
2013-02-27,92.1,0.9971849285404937,-0.0028190412250334914
2013-02-28,92.31,1.0022801302931597,0.002277534740799035
2013-03-01,92.57,1.0028165962517603,0.0028126370770597117
2013-03-04,93.553,1.0106189910338124,0.010563005539411864
2013-03-05,93.397,0.9983324960182999,-0.0016688958139370116
2013-03-06,93.27,0.9986402132830818,-0.0013607120658224753
2013-03-07,93.92,1.0069690146885386,0.006944843341014143
2013-03-08,94.898,1.0104131175468483,0.010359274498423334
2013-03-11,96.185,1.013561929650783,0.013470789779934964
2013-03-12,96.63,1.0046265010136715,0.0046158316530723114
2013-03-13,95.83,0.9917209976197868,-0.008313463655546314
2013-03-14,96.02,1.0019826776583534,0.001980714747123494
2013-03-15,95.95,0.9992709852114143,-0.0007292806490853341
2013-03-18,94.911,0.9891714434601355,-0.010887612069269402
2013-03-19,95.344,1.004562168768636,0.004551793620183641
2013-03-20,95.06,0.9970213123007217,-0.002983132818759648
2013-03-21,95.93,1.0091521144540292,0.009110487643992995
2013-03-22,94.91,0.9893672469509016,-0.010689684687455472
2013-03-25,94.84899999999999,0.9993572858497524,-0.0006429207795275522
2013-03-26,93.94200000000001,0.9904374321289631,-0.009608582805432241
2013-03-27,94.62,1.0072172191352111,0.007191299645561171
2013-03-28,94.31,0.996723737053477,-0.003281641647208581
2013-03-29,94.18299999999999,0.9986533771604282,-0.0013475303509162878
2013-04-01,94.262,1.000838792563414,0.0008384409735252706
2013-04-02,93.16,0.9883091807939572,-0.011759694162262226
2013-04-03,93.33,1.0018248175182483,0.0018231545615151783
2013-04-04,92.859,0.9949533911925426,-0.005059385943283221
2013-04-05,96.429,1.0384453849384552,0.03772477261741239
2013-04-08,98.785,1.0244324840037748,0.024138785113583982
2013-04-09,99.32,1.0054158019942299,0.005401189274597445
2013-04-10,98.98200000000001,0.9965968586387437,-0.0034089452181232695
2013-04-11,99.663,1.0068800387949322,0.006856479326332461
2013-04-12,99.63799999999999,0.9997491546511744,-0.0002508768157824293
2013-04-15,98.441,0.9879865111704371,-0.012086233988968558
2013-04-16,96.801,0.9833402748854644,-0.01680005913574031
2013-04-17,97.60700000000001,1.0083263602648733,0.008291887350988278
2013-04-18,98.06,1.0046410605796714,0.004630324064415128
2013-04-19,98.22200000000001,1.0016520497654497,0.0016506866323386397
2013-04-22,99.814,1.0162081814664738,0.016078231184716834
2013-04-23,99.18700000000001,0.9937183160678864,-0.006301496724002373
2013-04-24,99.63600000000001,1.004526802907639,0.004516587751753648
2013-04-25,99.41799999999999,0.9978120358103495,-0.0021903612804355615
2013-04-26,99.32799999999999,0.9990947313363777,-0.0009056786667596217
2013-04-29,97.86399999999999,0.9852609536082474,-0.014848745376083649
2013-04-30,97.882,1.000183928717404,0.00018391180459117386
2013-05-01,97.26,0.9936454097791217,-0.006374866573566569
2013-05-02,97.12,0.9985605593255192,-0.0014404776644515935
2013-05-03,97.94,1.0084431630971993,0.008407718962983124
2013-05-06,99.10600000000001,1.0119052481110886,0.011834938133139686
2013-05-07,99.36399999999999,1.0026032732629708,0.0025998906164935937
2013-05-08,98.78,0.9941226198623245,-0.005894719911325607
2013-05-09,98.87100000000001,1.0009212391172302,0.0009208150369075668
2013-05-10,100.838,1.0198946101485773,0.01969929857420344
2013-05-13,101.94,1.0109284198417263,0.010869136188305702
2013-05-14,101.67,0.9973513831665686,-0.002652130624825994
2013-05-15,102.18299999999999,1.0050457362053702,0.005033049137611217
2013-05-16,102.213,1.0002935909104254,0.0002935478210475744
2013-05-17,102.118,0.9990705683230118,-0.0009298638664237712
2013-05-20,102.73200000000001,1.0060126520300048,0.005994648169044359
2013-05-21,102.15700000000001,0.9944029124323482,-0.005612809956107101
2013-05-22,102.435,1.0027213015260823,0.0027176054889203444
2013-05-23,103.177,1.0072436179040367,0.007217508910434156
2013-05-24,102.414,0.9926049410236777,-0.007422537981345617
2013-05-27,101.101,0.9871794871794871,-0.012903404835907954
2013-05-28,101.117,1.0001582575840002,0.00015824506258983994
2013-05-29,102.505,1.0137266730618986,0.013633315639605664
2013-05-30,100.95299999999999,0.9848592751573093,-0.015256515877232792
2013-05-31,101.095,1.0014065951482374,0.0014056068199584766
2013-06-03,100.47399999999999,0.9938572629704733,-0.006161681258086413
2013-06-04,99.726,0.9925552879351873,-0.0074725622441495915
2013-06-05,100.258,1.0053346168501693,0.005320438184513079
2013-06-06,99.02,0.987651858205829,-0.012425013568264219
2013-06-07,97.35600000000001,0.9831953140779641,-0.016947486732348645
2013-06-10,98.27600000000001,1.0094498541435557,0.009405483583081015
2013-06-11,98.844,1.00577964101103,0.005763002963102657
2013-06-12,96.10600000000001,0.9722997855206185,-0.028091100756266682
2013-06-13,95.93,0.9981686887395168,-0.0018329901609889596
2013-06-14,95.514,0.995663504638799,-0.004345925228802428
2013-06-17,94.259,0.9868605649433592,-0.013226521115701486
2013-06-18,94.68,1.0044664169999682,0.004456472160430904
2013-06-19,95.51,1.0087663709336714,0.008728169400863088
2013-06-20,96.617,1.0115904093812167,0.011523755125410661
2013-06-21,97.147,1.0054855770723579,0.005470586092245846
2013-06-24,98.42,1.0131038529239194,0.013018740173529438
2013-06-25,97.506,0.9907132696606381,-0.009330120865905617
2013-06-26,98.18,1.0069123951346584,0.006888614057979902
2013-06-27,97.8,0.9961295579547769,-0.0038779515891348556
2013-06-28,98.46799999999999,1.0068302658486707,0.006807045258128344
2013-07-01,99.411,1.00957671527806,0.009531149224724858
2013-07-02,99.654,1.0024443975012824,0.0024414148212918447
2013-07-03,100.759,1.0110883657454794,0.011027340517000507
2013-07-04,99.962,0.9920900366220388,-0.007941413092121666
2013-07-05,100.25,1.00288109481603,0.0028769524168830384
2013-07-08,101.37200000000001,1.0111920199501248,0.011129852716069704
2013-07-09,100.84200000000001,0.9947717318391667,-0.005241983380263693
2013-07-10,101.15100000000001,1.0030641994407092,0.0030595143498649527
2013-07-11,98.552,0.9743057409219879,-0.026030122212676518
2013-07-12,99.044,1.0049922883350921,0.00497986818318338
2013-07-15,99.20299999999999,1.0016053471184523,0.001604059926176393
2013-07-16,99.941,1.0074392911504695,0.007411756100568769
2013-07-17,99.16,0.992185389379734,-0.007845304702611687
2013-07-18,99.67200000000001,1.0051633723275515,0.005150087829572405
2013-07-19,100.5,1.0083072477726944,0.008272932502568324
2013-07-22,100.34899999999999,0.9984975124378108,-0.0015036174285083242
2013-07-23,99.31299999999999,0.9896760306530209,-0.010377631173397052
2013-07-24,99.501,1.0018930049439652,0.0018912154680748008
2013-07-25,100.416,1.0091958874785176,0.009153862745267291
2013-07-26,99.24700000000001,0.988358428935628,-0.011709864700355212
2013-07-29,97.98100000000001,0.9872439469203099,-0.012838110087342432
2013-07-30,98.06200000000001,1.00082669088905,0.0008263493683453533
2013-07-31,97.992,0.9992861658950459,-0.0007140890058306123
2013-08-01,97.84299999999999,0.9984794677116497,-0.0015216894707410905
2013-08-02,99.436,1.0162811851639875,0.016150067917290782
2013-08-05,98.89200000000001,0.9945291443742709,-0.005485875562687153
2013-08-06,98.264,0.993649637988917,-0.006370611332453738
2013-08-07,97.29700000000001,0.9901591630709111,-0.009889577997039989
2013-08-08,96.56,0.9924252546327224,-0.007603579450477225
2013-08-09,96.76299999999999,1.0021023198011598,0.0021001130192529333
2013-08-12,96.023,0.992352448766574,-0.007676943702863062
2013-08-13,97.17200000000001,1.0119658831738232,0.011894858018171316
2013-08-14,98.119,1.0097456057300456,0.009698423612396796
2013-08-15,97.81299999999999,0.9968813379671622,-0.0031235351937408296
2013-08-16,97.095,0.9926594624436426,-0.007367611876910002
2013-08-19,97.664,1.0058602399711623,0.005843135556353905
2013-08-20,97.617,0.9995187581913499,-0.00048135764265352097
2013-08-21,97.303,0.9967833471628916,-0.0032218373857596933
2013-08-22,97.794,1.0050460931317637,0.005033404272026812
2013-08-23,98.87100000000001,1.0110129455794836,0.01095274468383587
2013-08-26,98.708,0.9983513871610481,-0.0016499732965491254
2013-08-27,98.26700000000001,0.9955322770190868,-0.004477733081260833
2013-08-28,96.91,0.986190684563485,-0.013905551025117884
2013-08-29,97.736,1.0085233722010114,0.008487253355300194
2013-08-30,98.286,1.005627404436441,0.005611629748790597
2013-09-02,98.354,1.0006918584538997,0.0006916192301725705
2013-09-03,99.572,1.012383837973036,0.01230778548893945
2013-09-04,99.58,1.0000803438717711,8.03406443751389e-05
2013-09-05,99.73200000000001,1.0015264109258888,0.0015252471448529926
2013-09-06,100.1,1.0036898889022579,0.0036830979622850995
2013-09-09,100.01899999999999,0.9991908091908092,-0.0008095183807975571
2013-09-10,99.723,0.9970405622931644,-0.0029638255016812788
2013-09-11,100.304,1.0058261384033773,0.0058092320929166675
2013-09-12,99.806,0.9950350933163183,-0.00497727278086273
2013-09-13,99.552,0.9974550628218746,-0.0025481810355233742
2013-09-16,99.01700000000001,0.9946259241401479,-0.005388568150625288
2013-09-17,99.09100000000001,1.000747346415262,0.0007470672909895741
2013-09-18,99.125,1.000343118951267,0.0003430600994214189
2013-09-19,98.229,0.9909609079445145,-0.009080192509403813
2013-09-20,99.39399999999999,1.0118600413319894,0.011790262222012455
2013-09-23,99.28,0.998853049479848,-0.0011476087712689615
2013-09-24,98.77,0.9948630136986301,-0.005150225976315905
2013-09-25,98.73,0.9995950187303838,-0.000405063296677589
2013-09-26,98.44200000000001,0.9970829535095715,-0.0029213093625579042
2013-09-27,98.899,1.0046423274618557,0.004631585093289213
2013-09-30,97.79899999999999,0.9888775417344967,-0.011184775314468477
2013-10-01,98.38600000000001,1.0060021063610058,0.005984165473572015
2013-10-02,97.934,0.9954058504258735,-0.004604735112755855
2013-10-03,97.346,0.9939959564604735,-0.006022140281046944
2013-10-04,97.25399999999999,0.9990549175107347,-0.0009455293612971792
2013-10-07,97.256,1.0000205647068503,2.056449539961623e-05
2013-10-09,96.916,0.9965040717282224,-0.003502053308310382
2013-10-10,97.475,1.005767881464361,0.005751310923478596
2013-10-11,98.24,1.0078481661964607,0.007817529530171348
2013-10-14,98.335,1.000967019543974,0.0009665522817849046
2013-10-15,98.639,1.0030914730258809,0.0030867042489815797
2013-10-16,98.56299999999999,0.999229513681201,-0.0007707832959370209
2013-10-17,98.96600000000001,1.0040887554153184,0.00408041917041393
2013-10-18,97.977,0.9900066689570155,-0.010043599555972666
2013-10-21,97.963,0.9998571093215753,-0.00014290088827025285
2013-10-22,98.193,1.00234782519931,0.0023450733641038678
2013-10-23,98.12,0.9992565661503366,-0.0007437103336479627
2013-10-24,97.4,0.9926620464737057,-0.007365008741799098
2013-10-25,97.38600000000001,0.9998562628336756,-0.00014374749750091737
2013-10-28,97.613,1.0023309305238945,0.0023282181194740604
2013-10-29,97.62700000000001,1.0001434235194084,0.00014341323523879294
2013-10-30,98.185,1.0057156319460805,0.005699359696492314
2013-10-31,98.476,1.0029637928400468,0.0029594094648556944
2013-11-01,98.33200000000001,0.9985377147731428,-0.0014633554093014315
2013-11-04,98.704,1.0037831021437578,0.0037759642095349143
2013-11-05,98.63,0.9992502836764467,-0.0007499975013806739
2013-11-06,98.458,0.9982561086890399,-0.001745413659543399
2013-11-07,98.65299999999999,1.0019805399256536,0.001978581242195868
2013-11-08,98.165,0.9950533688787976,-0.004958906197841996
2013-11-11,99.198,1.0105230988641571,0.0104681164465505
2013-11-12,99.15299999999999,0.9995463618218109,-0.0004537411031157584
2013-11-13,99.57700000000001,1.0042762195798414,0.004267102534644445
2013-11-14,99.21799999999999,0.9963947497916184,-0.003611764785414223
2013-11-15,100.208,1.0099780281803705,0.009928576339679503
2013-11-18,100.333,1.0012474053967748,0.001246628033054175
2013-11-19,99.84299999999999,0.995116262844727,-0.004895701569504993
2013-11-20,100.14399999999999,1.0030147331310157,0.00301019793573951
2013-11-21,100.238,1.0009386483463814,0.0009382080914970795
2013-11-22,101.27799999999999,1.0103753067698875,0.010321852691657054
2013-11-25,101.26899999999999,0.9999111356859338,-8.886826273327313e-05
2013-11-26,101.38799999999999,1.00117508813161,0.0011743982559416616
2013-11-27,101.23,0.9984416301731962,-0.0015595853480475607
2013-11-28,102.20100000000001,1.00959201817643,0.009546306846885688
2013-11-29,102.27600000000001,1.000733848005401,0.0007335788706148915
2013-12-02,102.484,1.0020337126989713,0.0020316475048340423
2013-12-03,102.948,1.0045275360056203,0.0045173175458333905
2013-12-04,102.34200000000001,0.9941135330458097,-0.005903860492037374
2013-12-05,102.361,1.0001856520294696,0.00018563479826424564
2013-12-06,101.727,0.9938062347964557,-0.006213026140241894
2013-12-09,103.10700000000001,1.0135657200153352,0.013474529420655522
2013-12-10,103.257,1.001454799383165,0.0014537421877563767
2013-12-11,102.792,0.9954966733490223,-0.004513497172045864
2013-12-12,102.506,0.9972176823099074,-0.002786195530549894
2013-12-13,103.523,1.0099213704563634,0.009872476789315568
2013-12-16,103.25,0.9973629048617216,-0.002640578398803111
2013-12-17,103.008,0.9976561743341404,-0.0023465767247444706
2013-12-18,102.641,0.9964371699285494,-0.00356919206614207
2013-12-19,104.22200000000001,1.0154032014497132,0.015285776421314753
2013-12-20,104.294,1.0006908330294946,0.0006905945142004288
2013-12-23,104.02,0.9973728114752527,-0.00263064564084424
2013-12-24,104.155,1.0012978273408961,0.0012969858909518742
2013-12-25,104.262,1.0010273150592865,0.0010267877322941027
2013-12-26,104.51100000000001,1.002388214306267,0.002385367054810743
2013-12-27,104.913,1.0038464850589888,0.0038391062509314784
2013-12-30,105.29799999999999,1.003669707281271,0.003662990333312318
2013-12-31,104.91799999999999,0.9963911945146157,-0.0036153329328239827
2014-01-01,105.3,1.0036409386377934,0.0036343264655267016
2014-01-02,105.31700000000001,1.000161443494777,0.000161430464178429
2014-01-03,104.824,0.9953188943855217,-0.004692096301824058
2014-01-06,104.9,1.0007250248034802,0.0007247620999674541
2014-01-07,104.221,0.9935271687321258,-0.006493870879900255
2014-01-08,104.698,1.0045768127344776,0.004566370974937889
2014-01-09,104.838,1.0013371793157462,0.001336286087667018
2014-01-10,104.82,0.9998283065300749,-0.00017170821093619344
2014-01-13,103.919,0.9914043121541691,-0.008632843844734374
2014-01-14,103.11,0.9922150905994092,-0.007815369999433537
2014-01-15,104.15899999999999,1.0101736010086315,0.010122198269881345
2014-01-16,104.59200000000001,1.004157105962999,0.004148489070640289
2014-01-17,104.31700000000001,0.9973707358115342,-0.002632726774252375
2014-01-20,104.245,0.9993097961022652,-0.0006904421981018704
2014-01-21,104.24700000000001,1.0000191855724496,1.9185388408879217e-05
2014-01-22,104.221,0.9997505923431849,-0.0002494387640771432
2014-01-23,104.65,1.0041162529624548,0.004107804369657418
2014-01-24,103.345,0.9875298614429049,-0.01254854322820959
2014-01-27,102.073,0.9876917122260389,-0.01238466208631256
2014-01-28,102.665,1.0057997707523048,0.005783016829975326
2014-01-29,103.23200000000001,1.0055228169288464,0.005507622095281791
2014-01-30,102.24,0.9903905765654059,-0.009655891873519215
2014-01-31,102.728,1.004773082942097,0.004761727899748238
2014-02-03,102.238,0.9952301222646212,-0.0047812899064194085
2014-02-04,101.15700000000001,0.9894266319763689,-0.010629663251046603
2014-02-05,101.67,1.0050713247723835,0.005058508915562881
2014-02-06,101.462,0.9979541654371988,-0.002047930140955623
2014-02-07,102.03,1.005598154974276,0.005582543541099786
2014-02-10,102.48100000000001,1.0044202685484662,0.004410527855217403
2014-02-11,102.135,0.9966237644051092,-0.0033819479393914307
2014-02-12,102.51899999999999,1.0037597297694227,0.0037526796509546015
2014-02-13,102.463,0.999453759790868,-0.0005463894526660223
2014-02-14,102.169,0.9971306715594898,-0.0028734528547821486
2014-02-17,101.56299999999999,0.9940686509606631,-0.005949009357684903
2014-02-18,102.057,1.004863976054272,0.004852185141099247
2014-02-19,102.302,1.0024006192617851,0.002397742378645933
2014-02-20,102.296,0.9999413501202322,-5.865159973922982e-05
2014-02-21,102.325,1.000283491045593,0.00028345086959948734
2014-02-24,102.53,1.00200342047398,0.0020014163035332595
2014-02-25,102.50200000000001,0.9997269091973082,-0.0002731280987753347
2014-02-26,102.14,0.9964683615929445,-0.0035378893637265977
2014-02-27,102.29299999999999,1.0014979439984335,0.0014968231994454233
2014-02-28,102.116,0.9982696763219381,-0.0017318224171960785
2014-03-03,101.329,0.9922930784597908,-0.007736773335899801
2014-03-04,101.42200000000001,1.0009178024060241,0.0009173814829256742
2014-03-05,102.19200000000001,1.0075920411744985,0.0075633666704603844
2014-03-06,102.361,1.00165374980429,0.0016523838658219275
2014-03-07,103.04700000000001,1.006701771182384,0.006679414146134099
2014-03-10,103.18299999999999,1.0013197861170144,0.001318915964842804
2014-03-11,103.25200000000001,1.000668714807672,0.0006684913175536059
2014-03-12,102.853,0.996135668074226,-0.003871817747747307
2014-03-13,102.82,0.9996791537436924,-0.00032089773847986797
2014-03-14,101.76,0.9896907216494847,-0.010362787035546434
2014-03-17,101.35799999999999,0.9960495283018866,-0.003958295423166012
2014-03-18,101.89,1.0052487223504807,0.005234995817548018
2014-03-19,101.475,0.9959269800765531,-0.004081337261232564
2014-03-20,102.432,1.0094308943089432,0.009386701062491206
2014-03-21,102.402,0.9997071227741331,-0.0002929201227775111
2014-03-24,102.26100000000001,0.9986230737680906,-0.0013778750659164663
2014-03-25,102.23,0.9996968541281622,-0.00030319182983579905
2014-03-26,102.3,1.0006847305096351,0.0006844961886581017
2014-03-27,101.915,0.996236559139785,-0.0037705404218870576
2014-03-28,102.155,1.0023549035961339,0.002352135156081447
2014-03-31,102.855,1.0068523322402232,0.006828961712662211
2014-04-01,103.22,1.0035486850420494,0.0035424033161435653
2014-04-02,103.62700000000001,1.0039430342956792,0.003935280910510236
2014-04-03,103.82700000000001,1.0019299989385007,0.0019281388834343617
2014-04-04,103.89299999999999,1.0006356728018722,0.0006354708474967061
2014-04-07,103.324,0.9945232113809401,-0.005491841210915153
2014-04-08,103.05799999999999,0.9974255739228058,-0.0025777456104936333
2014-04-09,101.943,0.9891808496186614,-0.010878102985817657
2014-04-10,102.117,1.0017068361731556,0.001705381183678433
2014-04-11,101.36,0.9925869345946317,-0.007440678725590725
2014-04-14,101.488,1.0012628255722178,0.0012620288786576702
2014-04-15,101.902,1.0040793000157655,0.004071002229907004
2014-04-16,101.87,0.9996859727973936,-0.0003140765194732433
2014-04-17,102.189,1.0031314420339648,0.0031265492809460275
2014-04-18,102.44,1.0024562330583526,0.002453221448403351
2014-04-21,102.555,1.0011226083561109,0.001121978702542463
2014-04-22,102.68700000000001,1.0012871142313882,0.0012862866099519433
2014-04-23,102.619,0.9993377934889518,-0.0006624258666243126
2014-04-24,102.478,0.9986259854412924,-0.00137495938227806
2014-04-25,102.31,0.9983606237436329,-0.0016407215040678826
2014-04-28,102.096,0.9979083178574919,-0.002093872764857564
2014-04-29,102.507,1.0040256229431124,0.004017541803559532
2014-04-30,102.557,1.00048777156682,0.0004876526449387656
2014-05-01,102.242,0.9969285373012081,-0.0030761893212579586
2014-05-02,102.281,1.000381447937247,0.0003813752044778773
2014-05-05,102.199,0.9991982870718901,-0.0008020344717881172
2014-05-06,102.14200000000001,0.999442264601415,-0.0005578909908279212
2014-05-07,101.72200000000001,0.9958880773824675,-0.004120399817713234
2014-05-08,101.866,1.001415622972415,0.0014146219228427324
2014-05-09,101.59899999999999,0.9973789095478373,-0.0026245315239641197
2014-05-12,101.87,1.0026673490880817,0.0026637980257165983
2014-05-13,102.178,1.0030234612741729,0.0030188998071011904
2014-05-14,102.215,1.0003621131750475,0.00036204762789493873
2014-05-15,101.765,0.9955975150418236,-0.00441220443212877
2014-05-16,101.48700000000001,0.9972682159878151,-0.0027355221435265086
2014-05-19,101.538,1.0005025274173045,0.0005024011926877111
2014-05-20,101.47,0.999330299986212,-0.0006699243630122443
2014-05-21,101.26,0.9979304227850597,-0.0020717217492283047
2014-05-22,101.42,1.0015800908552241,0.0015788438251098625
2014-05-23,101.78,1.0035495957404852,0.0035433107938136867
2014-05-26,101.978,1.0019453723717822,0.0019434825854448877
2014-05-27,101.88,0.9990390084135794,-0.0009614536348753561
2014-05-28,101.969,1.000873576756969,0.0008731954108677164
2014-05-29,101.72399999999999,0.9975973089860644,-0.002405582107855203
2014-05-30,101.71,0.9998623726947427,-0.0001376367767639599
2014-06-02,101.87,1.0015730999901682,0.001571863964470214
2014-06-03,102.42,1.0053990379895945,0.005384515432429189
2014-06-04,102.56,1.0013669205233353,0.0013659871379556915
2014-06-05,102.677,1.0011407956318252,0.0011401454189481262
2014-06-06,102.414,0.9974385694946287,-0.0025647165810572694
2014-06-09,102.512,1.0009569004237702,0.0009564428864148591
2014-06-10,102.478,0.9996683315124082,-0.0003317235017492827
2014-06-11,102.3,0.9982630418236109,-0.001738468437335783
2014-06-12,102.001,0.9970772238514175,-0.002927055799799109
2014-06-13,101.72,0.9972451250477936,-0.0027586766038627335
2014-06-16,101.958,1.0023397561934724,0.002337023226104653
2014-06-17,101.876,0.9991957472684831,-0.0008045763162524998
2014-06-18,102.166,1.0028465978248065,0.0028425539376143207
2014-06-19,101.912,0.9975138500088093,-0.002489245593899522
2014-06-20,101.913,1.0000098123871575,9.812339016314736e-06
2014-06-23,102.1,1.001834898393728,0.0018332170241177254
2014-06-24,101.87100000000001,0.9977571008814888,-0.002245418184117292
2014-06-25,101.913,1.0004122861265716,0.0004122011599994347
2014-06-26,101.81200000000001,0.9990089586215696,-0.000991532784633386
2014-06-27,101.64,0.9983106117157112,-0.0016908169099052954
2014-06-30,101.436,0.9979929161747344,-0.002009100717172365
2014-07-01,101.28,0.9984620844670531,-0.001539099338924896
2014-07-02,101.55,1.0026658767772512,0.0026623296305276134
2014-07-03,101.829,1.0027474150664697,0.0027436478202445052
2014-07-04,102.197,1.0036139017372263,0.003607387284686436
2014-07-07,102.10700000000001,0.9991193479260645,-0.000881040075786318
2014-07-08,101.81,0.9970912865915166,-0.0029129519364338367
2014-07-09,101.46,0.9965622237501227,-0.0034436989805604985
2014-07-10,101.54299999999999,1.0008180563768974,0.0008177219511531139
2014-07-11,101.3,0.9976069251450125,-0.0023959428350592677
2014-07-14,101.35,1.0004935834155972,0.000493461643371353
2014-07-15,101.537,1.0018450912678838,0.0018433911778833
2014-07-16,101.68,1.0014083536050897,0.0014073628053064462
2014-07-17,101.631,0.9995180959874114,-0.0004820201656452193
2014-07-18,101.211,0.9958674026625735,-0.004141160116958764
2014-07-21,101.34299999999999,1.001304206064558,0.0013033563265706892
2014-07-22,101.419,1.000749928460772,0.0007496474049295326
2014-07-23,101.47,1.0005028643548053,0.000502737960896507
2014-07-24,101.52,1.0004927564797477,0.0004926351151406634
2014-07-25,101.76,1.0023640661938535,0.002361276185679907
2014-07-28,101.749,0.9998919025157231,-0.00010810332723099976
2014-07-29,101.81,1.000599514491543,0.0005993348545232343
2014-07-30,102.069,1.002543954424909,0.00254072405030836
2014-07-31,102.84,1.007553713664286,0.007525327228276039
2014-08-01,102.766,0.9992804356281603,-0.0007198233825397098
2014-08-04,102.57,0.998092754412938,-0.0019090666958295353
2014-08-05,102.54,0.9997075168177831,-0.0002925259637649282
2014-08-06,102.59,1.0004876145894286,0.00048749574406692684
2014-08-07,102.135,0.9955648698703577,-0.0044449944965817036
2014-08-08,102.11399999999999,0.9997943897782345,-0.0002056313624449855
2014-08-11,102.15100000000001,1.0003623401296593,0.00036227450032746755
2014-08-12,102.213,1.0006069446211978,0.0006067605048064152
2014-08-13,102.27,1.0005576590061929,0.0005575035721927024
2014-08-14,102.42200000000001,1.0014862618558718,0.0014851584618726145
2014-08-15,102.499,1.0007517916072717,0.0007515091535166733
2014-08-18,102.4,0.999034136918409,-0.0009663298279033814
2014-08-19,102.61,1.00205078125,0.00204868126871028
2014-08-20,102.93799999999999,1.0031965695351328,0.003191471368277092
2014-08-21,103.70100000000001,1.0074122287202008,0.007384893148134342
2014-08-22,103.845,1.0013886076315561,0.0013876444075692637
2014-08-25,104.19,1.0033222591362125,0.0033167526259938207
2014-08-26,104.07,0.9988482579902102,-0.0011524057743243497
2014-08-27,104.085,1.0001441337561257,0.00014412336985382163
2014-08-28,103.867,0.9979055579574387,-0.0020966384536691388
2014-08-29,103.708,0.9984691961835809,-0.001531976693697466
2014-09-01,104.169,1.0044451729856905,0.0044353223852148975
2014-09-02,104.339,1.001631963444019,0.0016306332387119478
2014-09-03,105.208,1.0083286211292037,0.008294129543481566
2014-09-04,104.874,0.9968253364763136,-0.003179713458659336
2014-09-05,105.57,1.0066365352708966,0.0066146104205990815
2014-09-08,105.149,0.996012124656626,-0.003995848121607308
2014-09-09,106.094,1.0089872466690124,0.008947101716777539
2014-09-10,106.12700000000001,1.0003110449224275,0.00031099655798437156
2014-09-11,106.831,1.006633561676105,0.006611656425706869
2014-09-12,107.098,1.0024992745551384,0.002496156562553236
2014-09-15,107.33,1.0021662402659246,0.00216389735041493
2014-09-16,107.13799999999999,0.9982111245690859,-0.0017904773793102572
2014-09-17,107.14299999999999,1.0000466687823182,4.66676933644406e-05
2014-09-18,108.49,1.0125719832373559,0.012493612026872224
2014-09-19,108.801,1.0028666236519495,0.0028625227217148916
2014-09-22,108.932,1.001204033051167,0.0012033087846749816
2014-09-23,108.74,0.9982374325267138,-0.0017641226229746197
2014-09-24,108.54,0.9981607504138312,-0.0018409430825157627
2014-09-25,109.321,1.0071955039616731,0.007169739839777725
2014-09-26,108.62,0.9935876912944449,-0.00643295586833716
2014-09-29,109.40299999999999,1.0072086171975694,0.007182759308670486
2014-09-30,109.412,1.0000822646545342,8.226127098307354e-05
2014-10-01,109.62200000000001,1.0019193507110737,0.001917511111013371
2014-10-02,108.98100000000001,0.9941526335954461,-0.005864529188917633
2014-10-03,108.52799999999999,0.9958433121369779,-0.0041653509047250474
2014-10-06,109.77799999999999,1.0115177650007372,0.011451940497373874
2014-10-07,108.898,0.9919838218950974,-0.00804848040374104
2014-10-08,108.053,0.9922404451872394,-0.007789816806253432
2014-10-09,108.147,1.0008699434536756,0.0008695652721844555
2014-10-10,107.855,0.9972999713353121,-0.0027036803166072703
2014-10-13,107.34,0.9952250706967688,-0.004786365697997364
2014-10-14,107.07,0.9974846282839575,-0.002518540578504188
2014-10-15,107.26,1.0017745400205473,0.001772967384600491
2014-10-16,106.02,0.9884393063583814,-0.01162803799511921
2014-10-17,106.38,1.00339558573854,0.003389833754511524
2014-10-20,107.126,1.007012596352698,0.0069881224493507565
2014-10-21,106.91,0.9979836827660885,-0.002018352738113751
2014-10-22,107.01100000000001,1.0009447198578245,0.0009442738908734209
2014-10-23,107.118,1.000999897206829,0.0009993976425977666
2014-10-24,108.115,1.0093074926716332,0.009264444866978697
2014-10-27,108.15100000000001,1.0003329787726034,0.00033292334747516
2014-10-28,107.851,0.9972261005446088,-0.002777753843926432
2014-10-29,108.12,1.002494181787837,0.0024910764788399166
2014-10-30,108.836,1.0066222715501294,0.006600440637043093
2014-10-31,109.223,1.0035558087397551,0.0035495017982881912
2014-11-03,112.822,1.0329509352425772,0.03241969166443028
2014-11-04,113.68700000000001,1.0076669443902786,0.007637702739770678
2014-11-05,113.512,0.9984606859183547,-0.001540500042766974
2014-11-06,114.65,1.0100253717668617,0.009975451098901267
2014-11-07,115.19200000000001,1.0047274313126908,0.004716292102055927
2014-11-10,114.525,0.9942096673380095,-0.005807161633163583
2014-11-11,114.781,1.0022353197991705,0.0022328251886780076
2014-11-12,115.70200000000001,1.0080239760936045,0.00799195517344637
2014-11-13,115.626,0.9993431401358662,-0.0006570756910915485
2014-11-14,115.83,1.0017643090654351,0.0017627545004161211
2014-11-17,116.825,1.008590175256842,0.008553489642235292
2014-11-18,116.626,0.9982965974748556,-0.0017048549648531056
2014-11-19,116.85700000000001,1.0019806904120865,0.0019787314311621937
2014-11-20,118.139,1.0109706735582804,0.010910932256861412
2014-11-21,118.24,1.0008549251305665,0.0008545598902310083
2014-11-24,117.73,0.9956867388362654,-0.004322590109786083
2014-11-25,118.40799999999999,1.005758939947337,0.005742420644782046
2014-11-26,117.82,0.9950341193162625,-0.004978251641346223
2014-11-27,117.616,0.9982685452384995,-0.0017329554618093622
2014-11-28,117.87200000000001,1.0021765746156988,0.00217420930872617
2014-12-01,118.874,1.008500746572553,0.00846481869202701
2014-12-02,118.34200000000001,0.9955246731833708,-0.004485371070435605
2014-12-03,119.16,1.0069121698129149,0.006888390283032066
2014-12-04,119.87899999999999,1.006033903994629,0.006015772893580658
2014-12-05,119.781,0.9991825090299387,-0.0008178252980235517
2014-12-08,121.595,1.0151443050233342,0.015030774824990028
2014-12-09,120.66,0.9923105390846663,-0.007719177253012918
2014-12-10,119.42299999999999,0.9897480523785844,-0.010304860789109306
2014-12-11,117.65700000000001,0.9852122288001476,-0.0148982003075638
2014-12-12,119.00200000000001,1.011431534035374,0.011366687777044577
2014-12-15,118.111,0.9925127308784726,-0.007515439421473416
2014-12-16,117.75200000000001,0.9969604863221885,-0.0030441423812281325
2014-12-17,116.54700000000001,0.9897666281676745,-0.010286092765539554
2014-12-18,118.744,1.018850764069431,0.018675290197717735
2014-12-19,118.90299999999999,1.001339015023917,0.0013381193427643666
2014-12-22,119.495,1.004978848304921,0.004966494826793897
2014-12-23,120.14200000000001,1.005414452487552,0.0053998470363105944
2014-12-24,120.676,1.0044447403905379,0.00443489170441979
2014-12-25,120.399,0.9977045974344526,-0.0022980410403641936
2014-12-26,120.412,1.0001079743187236,0.00010796848991637687
2014-12-29,120.406,0.9999501710792944,-4.983016220750817e-05
2014-12-30,120.62,1.0017773200671063,0.001775742502743766
2014-12-31,119.475,0.9905073785441882,-0.009537963558618924
2015-01-01,119.67299999999999,1.0016572504708097,0.0016558787465661517
2015-01-02,119.89,1.0018132745063633,0.001811632508774147
2015-01-05,120.389,1.0041621486362498,0.004153510855139149
2015-01-06,119.416,0.9919178662502388,-0.008114971243762979
2015-01-07,118.67399999999999,0.9937864272794265,-0.006232957303611358
2015-01-08,119.316,1.005409778047424,0.005395197758609554
2015-01-09,119.764,1.003754735324684,0.003747703901264602
2015-01-12,118.223,0.9871330282889683,-0.012950468196103843
2015-01-13,118.285,1.000524432640011,0.0005242951732732053
2015-01-14,117.78,0.9957306505474067,-0.004278489147945951
2015-01-15,117.439,0.9971047716080828,-0.0028994276728480863
2015-01-16,116.11200000000001,0.9887005168640742,-0.011363807307795478
2015-01-19,117.52799999999999,1.0121951219512193,0.012121360532344602
2015-01-20,117.74,1.001803825471377,0.0018022005319893552
2015-01-21,118.62799999999999,1.0075420417869883,0.007513742788909983
2015-01-22,117.84,0.9933573861145768,-0.006664774234650338
2015-01-23,118.71,1.0073828920570265,0.007355771911067776
2015-01-26,117.38,0.9887962260972117,-0.011267008935254124
2015-01-27,118.508,1.009609814278412,0.009563933714786133
2015-01-28,117.818,0.9941776082627334,-0.00583940794219233
2015-01-29,117.62799999999999,0.9983873431903443,-0.0016139585403333846
2015-01-30,118.24799999999999,1.0052708538783284,0.005257011547322803
2015-02-02,117.185,0.9910104187808674,-0.00903023130593378
2015-02-03,117.602,1.003558475914153,0.0035521595187958674
2015-02-04,117.676,1.0006292409993027,0.0006290431101940674
2015-02-05,117.314,0.996923756755838,-0.0030809846066302787
2015-02-06,117.52,1.001755971154338,0.001754431239424478
2015-02-09,118.95700000000001,1.0122277059223963,0.012153551407423838
2015-02-10,118.61399999999999,0.9971166051598476,-0.0028875598311903714
2015-02-11,119.348,1.0061881396799703,0.006169071766464117
2015-02-12,120.193,1.0070801354023529,0.007055188924111742
2015-02-13,118.881,0.9890842228748763,-0.010975791354485185
2015-02-16,118.625,0.9978465860818801,-0.0021557358478539656
2015-02-17,118.506,0.9989968387776607,-0.0010036647253162856
2015-02-18,119.18299999999999,1.0057127909135402,0.005696534805973667
2015-02-19,118.72399999999999,0.99614877960783,-0.0038586554368941622
2015-02-20,119.00299999999999,1.0023499882079445,0.00234723130393895
2015-02-23,119.074,1.0005966236145307,0.0005964457054216813
2015-02-24,118.9,0.9985387238188018,-0.0014623448864796412
2015-02-25,118.845,0.9995374264087468,-0.00046268061142130533
2015-02-26,118.82799999999999,0.999856956540031,-0.00014305369166041045
2015-02-27,119.404,1.0048473423772175,0.00483563184122754
2015-03-02,119.845,1.0036933436065794,0.0036865399600716302
2015-03-03,120.198,1.0029454712336767,0.002941141832616583
2015-03-04,119.605,0.9950664736518079,-0.004945736364819444
2015-03-05,119.63799999999999,1.0002759081978176,0.0002758701421505838
2015-03-06,120.066,1.0035774586669788,0.003571074782579818
2015-03-09,120.71,1.0053637166225242,0.005349383125554187
2015-03-10,121.427,1.0059398558528707,0.005922284455804985
2015-03-11,121.06,0.9969776079455146,-0.0030269687052993112
2015-03-12,121.445,1.0031802412027093,0.0031751949317309148
2015-03-13,121.302,0.998822512248343,-0.0011781815350274522
2015-03-16,121.33,1.0002308288404147,0.00023080220353687583
2015-03-17,121.37299999999999,1.000354405340806,0.00035434255406739966
2015-03-18,121.289,0.9993079185650846,-0.0006923210338260198
2015-03-19,120.079,0.9900238273874794,-0.010026268074971732
2015-03-20,120.74,1.0055047093996452,0.0054896138592287315
2015-03-23,120.01299999999999,0.9939787974159351,-0.006039403120532535
2015-03-24,119.741,0.99773357886229,-0.0022689933573202784
2015-03-25,119.77,1.0002421893921045,0.00024216006898809825
2015-03-26,119.506,0.9977957752358688,-0.0022066576432690087
2015-03-27,119.214,0.9975566080364165,-0.0024463819171392873
2015-03-30,119.24,1.0002180951901622,0.00021807141086363353
2015-03-31,120.029,1.0066169070781616,0.006595111442156851
2015-04-01,119.95200000000001,0.9993584883653118,-0.0006417174913212195
2015-04-02,119.57600000000001,0.9968654128317993,-0.0031395102771929447
2015-04-03,119.696,1.0010035458620459,0.001003042646535681
2015-04-06,118.854,0.9929655126320011,-0.0070593460214501145
2015-04-07,119.488,1.0053342756659431,0.005320098810658463
2015-04-08,120.28,1.006628280664167,0.006606410201070884
2015-04-09,120.09,0.9984203525108082,-0.0015808964477363086
2015-04-10,120.55,1.0038304604879673,0.0038231429545880716
2015-04-13,120.191,0.9970219825798424,-0.0029824605373478218
2015-04-14,120.05799999999999,0.9988934279604962,-0.0011071847423847461
2015-04-15,119.46,0.9950190741141781,-0.004993372043287588
2015-04-16,119.141,0.9973296500920811,-0.002673921652189252
2015-04-17,119.054,0.9992697727902233,-0.0007304939555301941
2015-04-20,118.834,0.998152099047491,-0.0018496104277593653
2015-04-21,119.227,1.0033071343218272,0.003301677780150372
2015-04-22,119.641,1.0034723678361446,0.0034663530865436517
2015-04-23,119.964,1.002699743399002,0.0026961056376688932
2015-04-24,119.58,0.9967990397119135,-0.0032060943202856657
2015-04-27,118.915,0.9944388693761499,-0.005576651279097739
2015-04-28,119.132,1.0018248328638102,0.00182316987912515
2015-04-29,118.83,0.9974649968102608,-0.002538221750850947
2015-04-30,118.976,1.0012286459648236,0.0012278917970437921
2015-05-01,119.492,1.0043370091447015,0.004327631424934857
2015-05-04,120.132,1.0053560070967094,0.00534171470143326
2015-05-05,120.10700000000001,0.999791895581527,-0.00020812607520208536
2015-05-06,119.93,0.9985263140366506,-0.0014747729065151926
2015-05-07,119.38799999999999,0.9954806970732927,-0.004529545848406794
2015-05-08,119.71600000000001,1.0027473447917714,0.0027435777380885313
2015-05-11,119.82700000000001,1.0009271943599853,0.0009267647808098308
2015-05-12,120.118,1.00242850108907,0.0024255570457450085
2015-05-13,119.875,0.997976989293861,-0.0020250597562641616
2015-05-14,119.196,0.9943357664233576,-0.005680336182383098
2015-05-15,119.206,1.0000838954327327,8.389191370768552e-05
2015-05-18,119.353,1.001233159404728,0.00123239968817277
2015-05-19,119.92299999999999,1.004775749248029,0.0047643815361158755
2015-05-20,120.662,1.006162287467792,0.006143378217437084
2015-05-21,121.198,1.0044421607465481,0.004432323472242762
2015-05-22,121.046,0.9987458538919786,-0.0012549332074121523
2015-05-25,121.56,1.0042463195809856,0.004237329407109196
2015-05-26,121.64399999999999,1.0006910167818361,0.000690778139670583
2015-05-27,122.99,1.0110650751372858,0.011004305066056212
2015-05-28,123.708,1.0058378729978048,0.005820898647928956
2015-05-29,123.803,1.0007679374009766,0.0007676426879218055
2015-06-01,124.245,1.0035701881214512,0.0035638301281675808
2015-06-02,124.86399999999999,1.0049820918346815,0.0049697222823088605
2015-06-03,124.06,0.9935609943618658,-0.006459825455674407
2015-06-04,124.319,1.002087699500242,0.0020855232839709684
2015-06-05,124.359,1.000321752909853,0.00032170115848589533
2015-06-08,125.602,1.0099952556710814,0.009945633486770517
2015-06-09,124.598,0.9920064967118357,-0.00802562261403645
2015-06-10,124.383,0.9982744506332365,-0.0017270398419111468
2015-06-11,122.92,0.9882379424841016,-0.01183177775596716
2015-06-12,123.598,1.005515782622844,0.005500626400615415
2015-06-15,123.345,0.9979530413113481,-0.0020490565719309076
2015-06-16,123.436,1.0007377680489684,0.0007374960319034837
2015-06-17,123.444,1.0000648109141579,6.480881402133045e-05
2015-06-18,123.555,1.000899193156411,0.0008987891244285252
2015-06-19,123.031,0.9957589737363927,-0.004250044923439353
2015-06-22,122.79,0.998041144101893,-0.0019607769654610935
2015-06-23,123.414,1.005081847055949,0.005068978051659707
2015-06-24,123.87200000000001,1.0037110862624987,0.0037042171711565743
2015-06-25,123.86,0.9999031258072848,-9.687888532287299e-05
2015-06-26,123.601,0.9979089294364605,-0.0020932599041666284
2015-06-29,122.46600000000001,0.9908172263978448,-0.00922519516578765
2015-06-30,122.711,1.0020005552561526,0.0019985568103764164
2015-07-01,122.40799999999999,0.9975307837113216,-0.002472269830824835
2015-07-02,123.318,1.0074341546304164,0.007406657497414471
2015-07-03,123.054,0.9978591933051136,-0.0021431014972759705
2015-07-06,122.39399999999999,0.9946365010483201,-0.005377934150768496
2015-07-07,122.652,1.0021079464679643,0.0021057278660573755
2015-07-08,122.53399999999999,0.9990379284479666,-0.0009625346399086491
2015-07-09,120.90100000000001,0.9866730866535004,-0.013416513609896884
2015-07-10,121.697,1.0065838992233314,0.006562320023903956
2015-07-13,122.5,1.0065983549306885,0.006576681075743711
2015-07-14,123.581,1.0088244897959184,0.008785781539572029
2015-07-15,123.33,0.997968943445999,-0.0020331219464569286
2015-07-16,123.89200000000001,1.0045568799156734,0.004546528772422682
2015-07-17,124.163,1.0021873890162398,0.0021850001638177565
2015-07-20,124.13600000000001,0.9997825439140485,-0.00021747973295431684
2015-07-21,124.287,1.0012164078107881,0.0012156685862120325
2015-07-22,123.866,0.9966126787194155,-0.003393071241628954
2015-07-23,124.06200000000001,1.0015823551257004,0.0015811045209218977
2015-07-24,123.87700000000001,0.9985088101110735,-0.0014923028190999877
2015-07-27,123.76,0.9990555147444642,-0.0009449315627773074
2015-07-28,123.27,0.9960407239819004,-0.0039671347013827025
2015-07-29,123.56700000000001,1.0024093453394987,0.002406447520647068
2015-07-30,123.959,1.0031723680270621,0.003167346684507538
2015-07-31,124.073,1.0009196589194813,0.0009192362923126054
2015-08-03,124.042,0.9997501470908257,-0.00024988412761257325
2015-08-04,123.943,0.9992018832330984,-0.0007984354316540989
2015-08-05,124.30799999999999,1.0029449020920906,0.002940574362336402
2015-08-06,124.78399999999999,1.003829198442578,0.0038218857241768397
2015-08-07,124.755,0.9997675984100526,-0.00023242859938169385
2015-08-10,124.35,0.9967536371287724,-0.0032516437393468375
2015-08-11,124.616,1.002139123441898,0.002136838774891124
2015-08-12,125.08,1.0037234384027733,0.0037165235653358157
2015-08-13,124.29899999999999,0.993755996162456,-0.006263579157629559
2015-08-14,124.384,1.0006838349463794,0.000683601237801739
2015-08-17,124.37799999999999,0.9999517622845381,-4.823887893793072e-05
2015-08-18,124.434,1.0004502403962117,0.00045013906841791126
2015-08-19,124.39299999999999,0.9996705080604978,-0.000329546233897961
2015-08-20,123.92200000000001,0.9962136133062152,-0.003793573202217741
2015-08-21,123.46,0.9962718484207806,-0.0037351184574271894
2015-08-24,121.744,0.9861007613802042,-0.013996737531582815
2015-08-25,118.83200000000001,0.9760809567617296,-0.02420974850722627
2015-08-26,118.65799999999999,0.9985357479466809,-0.001465325117976285
2015-08-27,119.986,1.0111918286166968,0.011129663500329947
2015-08-28,120.98200000000001,1.008300968446319,0.008266704890952886
2015-08-31,121.29,1.0025458332644526,0.0025425981205420595
2015-09-01,121.113,0.9985406876082117,-0.0014603782251654954
2015-09-02,119.723,0.988523114777109,-0.011543252955320993
2015-09-03,120.62299999999999,1.0075173525554821,0.00748923807051144
2015-09-04,120.11,0.9957470797443274,-0.004261989644415322
2015-09-07,119.149,0.9919990009158272,-0.008033178839074697
2015-09-08,119.42299999999999,1.002299641625192,0.0022970014961820914
2015-09-09,120.07799999999999,1.0054847056262195,0.005469719400036757
2015-09-10,120.234,1.0012991555488933,0.001298312376518856
2015-09-11,120.66,1.0035430909726035,0.0035368290125539076
2015-09-14,120.79,1.0010774075915798,0.0010768276045715075
2015-09-15,120.32,0.9961089494163423,-0.0038986404156574205
2015-09-16,120.4,1.0006648936170215,0.0006646726731911818
2015-09-17,120.537,1.0011378737541528,0.0011372268664837208
2015-09-18,120.073,0.9961505595792163,-0.0038568685855397762
2015-09-21,120.0,0.9993920365111224,-0.0006081483736187442
2015-09-23,120.09100000000001,1.0007583333333334,0.0007580459438933442
2015-09-24,120.22,1.0010741854093979,0.0010736088850767122
2015-09-25,120.264,1.0003659956745965,0.000365928714517154
2015-09-28,120.35,1.0007150934610523,0.0007148379035476417
2015-09-29,119.79299999999999,0.9953718321562111,-0.004638910972735978
2015-09-30,119.85799999999999,1.0005426026562487,0.0005424555006563784
2015-10-01,119.869,1.0000917752674,9.177105630769044e-05
2015-10-02,119.821,0.999599562856118,-0.00040051734024493176
2015-10-05,120.0,1.0014938950601313,0.0014927803089820242
2015-10-06,120.45,1.00375,0.003742986278834297
2015-10-07,120.22,0.9980904939809049,-0.001911331449864444
2015-10-08,119.93,0.9975877557810681,-0.0024151583673862765
2015-10-09,119.92399999999999,0.9999499708163094,-5.003043519192135e-05
2015-10-12,120.15899999999999,1.0019595743971181,0.0019576569357394077
2015-10-13,120.02799999999999,0.9989097778776455,-0.0010908168467863627
2015-10-14,119.742,0.9976172226480489,-0.0023856206834876117
2015-10-15,118.82,0.9923001119072672,-0.007729685286307971
2015-10-16,119.08200000000001,1.0022050159905742,0.002202588510581402
2015-10-19,119.24,1.0013268168153036,0.0013259373716939646
2015-10-20,119.48100000000001,1.0020211338477023,0.002019094104620589
2015-10-21,119.795,1.002628032908998,0.002624585668832211
2015-10-22,119.861,1.0005509411912017,0.000550789478824119
2015-10-23,120.89,1.008584944227063,0.008548303151753029
2015-10-26,121.314,1.0035073207047729,0.0035011843993181797
2015-10-27,120.95700000000001,0.9970572234037293,-0.002947115076861837
2015-10-28,120.47200000000001,0.9959903106062485,-0.00401774975183848
2015-10-29,120.87899999999999,1.0033783783783783,0.003372684478639156
2015-10-30,121.036,1.0012988194806378,0.001297976744245542
2015-11-02,120.51,0.9956541855315774,-0.004355284968102443
2015-11-03,120.804,1.002439631565845,0.0024366604959859183
2015-11-04,121.08,1.002284692559849,0.002282086618231302
2015-11-05,121.527,1.0036917740336968,0.00368497616160689
2015-11-06,121.695,1.0013824088474166,0.001381454200013273
2015-11-09,123.194,1.012317679444513,0.012242434099633409
2015-11-10,123.04899999999999,0.9988229946263616,-0.0011776985884616273
2015-11-11,123.089,1.0003250737511074,0.0003250209260832316
2015-11-12,122.745,0.997205274232466,-0.002798638304938209
2015-11-13,122.57,0.9985742800114057,-0.0014267372943810128
2015-11-16,122.301,0.9978053357265237,-0.002197076078493884
2015-11-17,123.26,1.0078413095559318,0.007810726259517396
2015-11-18,123.44,1.0014603277624532,0.001459262520808158
2015-11-19,123.514,1.000599481529488,0.0005993019122172178
2015-11-20,122.9,0.995028903606069,-0.004983493395133368
2015-11-23,122.92,1.0001627339300243,0.00016272069029466457
2015-11-24,122.945,1.0002033843150016,0.0002033636352156744
2015-11-25,122.515,0.9965025011183863,-0.0035036294293904384
2015-11-26,122.675,1.0013059625351997,0.0013051105078578334
2015-11-27,122.63,0.9996331770939474,-0.0003668902020324542
2015-11-30,122.82,1.0015493761722254,0.001548177127318489
2015-12-01,123.2,1.0030939586386582,0.003089182198166287
2015-12-02,122.91,0.9976461038961039,-0.002356670872530036
2015-12-03,123.22,1.0025221706940037,0.002518995359535233
2015-12-04,122.64,0.9952929719201429,-0.004718141022865912
2015-12-07,123.194,1.0045172863666014,0.004507114051212656
2015-12-08,123.3,1.0008604315145218,0.0008600615555272048
2015-12-09,122.93,0.996999188969992,-0.0030053224910488907
2015-12-10,121.691,0.989921093305133,-0.010130042762201577
2015-12-11,121.70299999999999,1.0000986104149032,9.860555321586421e-05
2015-12-14,120.884,0.9932705027813613,-0.006752242384832375
2015-12-15,121.12,1.0019522848350486,0.0019503816037072408
2015-12-16,121.671,1.004549207397622,0.004538891029348959
2015-12-17,122.48100000000001,1.0066572971373622,0.006635235195912184
2015-12-18,122.455,0.9997877221773173,-0.0002123003568087929
2015-12-21,121.29299999999999,0.9905107998856723,-0.00953450943434963
2015-12-22,121.20700000000001,0.9992909730982004,-0.0007092783802503916
2015-12-23,121.027,0.998514937256099,-0.0014861665425198462
2015-12-24,120.94,0.9992811521396052,-0.0007191063554044551
2015-12-25,120.325,0.9949148338018853,-0.005098139655893725
2015-12-28,120.24600000000001,0.9993434448369001,-0.0006567707898267484
2015-12-29,120.335,1.0007401493604775,0.0007398755850210872
2015-12-30,120.529,1.0016121660364816,0.0016108678918462078
2015-12-31,120.45,0.9993445560819388,-0.0006556588153332262
2016-01-01,120.288,0.9986550435865504,-0.00134586167911288
2016-01-04,120.31700000000001,1.0002410880553338,0.00024105899827874883
2016-01-05,119.47399999999999,0.9929935088142157,-0.007031151902725475
2016-01-06,119.1,0.996869611798383,-0.0031352981160664255
2016-01-07,118.609,0.9958774139378673,-0.0041311073479388385
2016-01-08,117.53,0.9909028825805799,-0.009138748868552822
2016-01-11,117.073,0.9961116310729174,-0.0038959482874850724
2016-01-12,117.681,1.0051933409069556,0.0051799020204659945
2016-01-13,117.831,1.0012746322685906,0.0012738206145142996
2016-01-14,117.4,0.9963422189406863,-0.003664487098261792
2016-01-15,118.223,1.0070102214650767,0.0069857640971015
2016-01-18,117.01,0.9897397291559172,-0.010313270260230965
2016-01-19,117.397,1.0033074096231092,0.0033019521739374837
2016-01-20,117.56,1.0013884511529254,0.0013874881459124474
2016-01-21,117.208,0.9970057842803675,-0.002998707351704705
2016-01-22,117.925,1.0061173298750938,0.006098694971313442
2016-01-25,118.56,1.0053847784608863,0.0053703323774514835
2016-01-26,118.235,0.9972587719298245,-0.002744992116154523
2016-01-27,118.384,1.0012602021398063,0.0012594087515727602
2016-01-28,118.48200000000001,1.0008278145695366,0.0008274721200326147
2016-01-29,118.93,1.0037811650714876,0.003774034435926392
2016-02-01,121.34200000000001,1.020280837467418,0.020077920250006764
2016-02-02,120.854,0.9959783092416474,-0.004029799504511966
2016-02-03,119.85,0.9916924553593592,-0.008342244604255407
2016-02-04,118.164,0.9859324155193994,-0.014167470826727918
2016-02-05,116.852,0.9888967875156562,-0.011165313254641427
2016-02-08,116.949,1.0008301098825865,0.0008297655319306328
2016-02-09,115.65,0.9888925942077317,-0.011169553653506258
2016-02-10,115.185,0.9959792477302205,-0.0040288572268316085
2016-02-11,113.23899999999999,0.9831054390762685,-0.017038902047746433
2016-02-12,112.48299999999999,0.9933238548556592,-0.006698530287940894
2016-02-15,113.675,1.01059715690371,0.010541400596144909
2016-02-16,114.318,1.0056564767978888,0.005640539005928344
2016-02-17,114.134,0.9983904546965483,-0.0016108420130890226
2016-02-18,114.291,1.0013755760772425,0.0013746308392022693
2016-02-19,113.271,0.9910754127621598,-0.00896464990649948
2016-02-22,112.52600000000001,0.993422853157472,-0.006598871583088925
2016-02-23,112.95299999999999,1.0037946785631764,0.003787496932730004
2016-02-24,111.911,0.9907749240834685,-0.009267890444301392
2016-02-25,112.065,1.0013760935028728,0.001375147553918528
2016-02-26,113.13799999999999,1.0095748003390888,0.009529252448820365
2016-02-29,113.719,1.0051353214658205,0.005122180671477549
2016-03-01,112.421,0.9885859003332778,-0.011479740467430803
2016-03-02,113.92,1.0133338077405467,0.01324569491492425
2016-03-03,113.491,0.9962341994382022,-0.0037729090404202445
2016-03-04,113.68,1.0016653302905076,0.0016639451655998188
2016-03-07,113.82,1.0012315270935959,0.0012307693861324449
2016-03-08,113.48200000000001,0.9970303988754176,-0.00297401913866296
2016-03-09,112.68,0.9929327999154051,-0.007092291028142821
2016-03-10,113.22,1.0047923322683705,0.004780885600341895
2016-03-11,112.839,0.9966348701642819,-0.0033708046196233576
2016-03-14,113.76299999999999,1.0081886581766941,0.008155313026340138
2016-03-15,113.82700000000001,1.0005625730685725,0.0005624148836680698
2016-03-16,113.101,0.9936218999007265,-0.006398527082932229
2016-03-17,112.794,0.9972856119751372,-0.002718078656087219
2016-03-18,111.384,0.9874993350710144,-0.012579455552895023
2016-03-21,111.44,1.0005027652086476,0.0005026388645658785
2016-03-22,112.14399999999999,1.0063173007896626,0.006297430286418723
2016-03-23,112.26100000000001,1.0010433014695392,0.0010427576088020006
2016-03-24,112.42399999999999,1.0014519735259795,0.0014509204316728603
2016-03-25,112.83,1.0036113285419483,0.0036048233519108304
2016-03-28,113.471,1.005681113179119,0.005665036515798574
2016-03-29,113.365,0.9990658406112575,-0.0009345959875474084
2016-03-30,112.647,0.9936664755435982,-0.006353666313423369
2016-03-31,112.345,0.9973190586522499,-0.0026845415069885895
2016-04-01,112.48,1.001201655614402,0.0012009342041609057
2016-04-04,111.705,0.9931098862019914,-0.006913960231636323
2016-04-05,111.244,0.9958730585023052,-0.004135480823052685
2016-04-06,110.369,0.9921344072489303,-0.007896689697007766
2016-04-07,109.73299999999999,0.9942375123449518,-0.005779154847538464
2016-04-08,108.516,0.9889094438318465,-0.011152514916776098
2016-04-11,108.31200000000001,0.9981200928895279,-0.0018816763535336033
2016-04-12,107.95,0.99665780338282,-0.0033477942319934456
2016-04-13,108.671,1.0066790180639185,0.006656812243316656
2016-04-14,109.414,1.006837150665771,0.00681388334573285
2016-04-15,109.32700000000001,0.9992048549545763,-0.0007954613409236073
2016-04-18,108.103,0.9888042295132948,-0.011258914867455515
2016-04-19,109.06,1.0088526682885768,0.008813713156428843
2016-04-20,109.181,1.0011094810196222,0.0011088660004151005
2016-04-21,109.83,1.0059442577005158,0.005926660301923959
2016-04-22,109.48100000000001,0.9968223618319222,-0.003182697581073631
2016-04-25,111.45299999999999,1.0180122578346926,0.01785195915082053
2016-04-26,111.10799999999999,0.9969045247772603,-0.003100276116091144
2016-04-27,111.234,1.0011340317528892,0.0011333892246000044
2016-04-28,111.516,1.0025351960731432,0.002531987884692438
2016-04-29,108.09,0.9692779511460239,-0.03120386493509102
2016-05-02,106.465,0.9849662318438338,-0.015147920789749702
2016-05-03,106.40299999999999,0.9994176489926265,-0.0005825206395815546
2016-05-04,106.696,1.0027536817570935,0.0027498973213130446
2016-05-05,106.94,1.0022868711104447,0.0022842602004921535
2016-05-06,107.35700000000001,1.0038993828314944,0.003891799944255754
2016-05-09,107.338,0.9998230203899139,-0.000176995272825325
2016-05-10,108.37,1.0096144888110457,0.009568563742888012
2016-05-11,109.21,1.0077512226630985,0.007721336274733016
2016-05-12,108.44,0.992949363611391,-0.00707560957917218
2016-05-13,109.12200000000001,1.0062891921800075,0.006269497742471158
2016-05-16,108.671,0.9958670112351312,-0.004141553168802931
2016-05-17,109.07,1.0036716327263022,0.003664908736518407
2016-05-18,109.02600000000001,0.9995965893462916,-0.0004034920456765038
2016-05-19,110.20100000000001,1.0107772457945812,0.010719585192830474
2016-05-20,109.912,0.9973775192602607,-0.002625925466158194
2016-05-23,110.066,1.0014011208967173,0.0014001402427366635
2016-05-24,109.34299999999999,0.9934312139988732,-0.006590455422547022
2016-05-25,110.16,1.007471900350274,0.0074441239785624095
2016-05-26,110.09899999999999,0.9994462599854756,-0.0005538933851471076
2016-05-27,109.68,0.9961943341901381,-0.0038129257811931943
2016-05-30,110.762,1.0098650619985412,0.009816719945985972
2016-05-31,110.854,1.0008306097759159,0.0008302650105130799
2016-06-01,110.65,0.99815974164216,-0.0018419537134993248
2016-06-02,109.40100000000001,0.9887121554450972,-0.01135203578312989
2016-06-03,108.919,0.9955941901810769,-0.004415544000828262
2016-06-06,106.695,0.9795811566393374,-0.020630189859512472
2016-06-07,107.4,1.0066076198509772,0.006585885221176284
2016-06-08,107.242,0.9985288640595903,-0.001472219123357205
2016-06-09,106.804,0.9959157792655863,-0.004092583943145002
2016-06-10,107.07799999999999,1.002565446987004,0.0025621618452542393
2016-06-13,106.48200000000001,0.9944339640262241,-0.005581584073033516
2016-06-14,106.2,0.9973516650701526,-0.0026518479726444764
2016-06-15,106.064,0.998719397363465,-0.0012814233088028397
2016-06-16,105.86,0.9980766329763162,-0.0019252190691942121
2016-06-17,104.773,0.9897317211411297,-0.010321361323920062
2016-06-20,104.65899999999999,0.9989119334179607,-0.0010886589562167947
2016-06-21,103.79299999999999,0.9917255085563592,-0.008308915071494916
2016-06-22,104.67,1.0084495100825683,0.008414012788582746
2016-06-23,104.585,0.9991879239514664,-0.000812405960909302
2016-06-24,104.90299999999999,1.0030405889945977,0.0030359757528298005
2016-06-27,102.22,0.974423991687559,-0.025908760318579548
2016-06-28,101.749,0.9953922911367638,-0.0046183570755524445
2016-06-29,102.69,1.009248248140031,0.009205744945622528
2016-06-30,102.734,1.000428474048106,0.000428382279313787
2016-07-01,103.053,1.0031051063912628,0.003100295504715981
2016-07-04,102.465,0.9942941981310588,-0.005722142142311105
2016-07-05,102.52,1.0005367686527107,0.0005366246439480395
2016-07-06,101.16,0.9867342957471713,-0.013354479694105937
2016-07-07,101.095,0.9993574535389482,-0.0006427529825002348
2016-07-08,100.79700000000001,0.9970522775607104,-0.0029520755296519458
2016-07-11,100.676,0.9987995674474438,-0.0012011536488555619
2016-07-12,102.50299999999999,1.0181473240891572,0.017984626802081013
2016-07-13,104.73200000000001,1.0217457050037562,0.021512639884788406
2016-07-14,104.036,0.9933544666386586,-0.006667713237520025
2016-07-15,105.16,1.0108039524779884,0.01074600677157446
2016-07-18,105.436,1.002624572080639,0.002621133905846944
2016-07-19,106.13799999999999,1.0066580674532417,0.006636000417191548
2016-07-20,106.13600000000001,0.9999811566074358,-1.884357010314594e-05
2016-07-21,107.165,1.0096951081631114,0.00964841217448003
2016-07-22,105.795,0.9872159753650912,-0.01286644346084359
2016-07-25,106.264,1.004433101753391,0.004423304501949941
2016-07-26,105.588,0.9936384852819393,-0.006381835378778208
2016-07-27,104.833,0.9928495662385878,-0.007176120634331974
2016-07-28,104.936,1.0009825150477427,0.0009820326957527329
2016-07-29,104.772,0.998437142639323,-0.0015640798961736367
2016-08-01,102.34700000000001,0.9768545031115183,-0.0234175601260567
2016-08-02,102.307,0.9996091727163473,-0.0003909036765404502
2016-08-03,101.07799999999999,0.9879871367550607,-0.01208560079770692
2016-08-04,101.319,1.0023842972753716,0.0023814593487016525
2016-08-05,101.227,0.9990919768256694,-0.0009084356771000999
2016-08-08,102.038,1.0080116964841395,0.007979773236755252
2016-08-09,102.28299999999999,1.002401066269429,0.002398188315665056
2016-08-10,101.92200000000001,0.9964705767331817,-0.0035356663751596727
2016-08-11,101.13600000000001,0.9922882204038382,-0.0077416691352861075
2016-08-12,101.81200000000001,1.0066840689764278,0.00666182963192567
2016-08-15,101.264,0.9946175303500568,-0.005397007328919129
2016-08-16,101.251,0.9998716226892085,-0.0001283855518637982
2016-08-17,100.212,0.9897383729543412,-0.010314640521992987
2016-08-18,99.89299999999999,0.9968167484931942,-0.0031883288296771454
2016-08-19,100.141,1.0024826564423936,0.002479579742095912
2016-08-22,100.541,1.003994367941203,0.003986411633487629
2016-08-23,100.301,0.9976129141345322,-0.002389939497079292
2016-08-24,100.348,1.0004685895454681,0.00046847979167205576
2016-08-25,100.54899999999999,1.002003029457488,0.0020010260687692073
2016-08-26,100.557,1.0000795631980428,7.956003305944405e-05
